,Keyword,review_len,word_len,avg_word_len
23,wordpress developer jobs,24,3,7.33330888897037
27,freelance developer jobs,24,3,7.33330888897037
48,digital illustrator jobs,24,3,7.33330888897037
55,freelancer jobs in india,24,4,5.249986875032813
59,online data analyst jobs,24,4,5.249986875032813
69,freelance recruiter jobs,24,3,7.33330888897037
81,bootstrap developer jobs,24,3,7.33330888897037
120,freelance amazon listing,24,3,7.33330888897037
138,freelance qa jobs online,24,4,5.249986875032813
154,manual qa freelance jobs,24,4,5.249986875032813
160,product design freelance,24,3,7.33330888897037
182,copyright freelance jobs,24,3,7.33330888897037
184,data analytics freelance,24,3,7.33330888897037
197,freelance help desk jobs,24,4,5.249986875032813
226,php programmer part time,24,4,5.249986875032813
273,freelance hr jobs canada,24,4,5.249986875032813
330,technical freelance jobs,24,3,7.33330888897037
333,competitor1 angular test,24,3,7.33330888897037
343,app developer freelancer,24,3,7.33330888897037
356,dev front end freelancer,24,4,5.249986875032813
369,freelance cloud engineer,24,3,7.33330888897037
374,freelance ecommerce jobs,24,3,7.33330888897037
388,freelance jobs worldwide,24,3,7.33330888897037
392,freelance marketing work,24,3,7.33330888897037
406,freelance software sales,24,3,7.33330888897037
413,freelance technical work,24,3,7.33330888897037
424,hire a hubspot developer,24,4,5.249986875032813
428,hire freelance sales rep,24,4,5.249986875032813
430,hiring for php developer,24,4,5.249986875032813
442,mobile web designer jobs,24,4,5.249986875032813
471,ui ux projects freelance,24,4,5.249986875032813
475,wordpress developer work,24,3,7.33330888897037
490,find a shopify developer,24,4,5.249986875032813
524,ui design freelance work,24,4,5.249986875032813
592,adobe premiere pro price,24,4,5.249986875032813
669,photography jobs near me,24,4,5.249986875032813
687,bookkeeping jobs near me,24,4,5.249986875032813
717,online proofreading jobs,24,3,7.33330888897037
737,ancient greek translator,24,3,7.33330888897037
842,amazon web services jobs,24,4,5.249986875032813
859,hire a virtual assistant,24,4,5.249986875032813
883,remote proofreading jobs,24,3,7.33330888897037
904,advertise discord server,24,3,7.33330888897037
987,visual basic programming,24,3,7.33330888897037
993,amazon virtual assistant,24,3,7.33330888897037
1005,cartoon character sketch,24,3,7.33330888897037
1026,google ad specialist job,24,4,5.249986875032813
1065,skip tracing real estate,24,4,5.249986875032813
1082,virtual bookkeeping jobs,24,3,7.33330888897037
1090,affiliate marketing jobs,24,3,7.33330888897037
1116,entry level writing jobs,24,4,5.249986875032813
1137,how to deactivate paypal,24,4,5.249986875032813
1165,paypal billing agreement,24,3,7.33330888897037
1184,translate eng to italian,24,4,5.249986875032813
1192,video game designer jobs,24,4,5.249986875032813
1231,cartoon rap album covers,24,4,5.249986875032813
1245,discord verification bot,24,3,7.33330888897037
1257,freelance jobs from home,24,4,5.249986875032813
1260,game tester jobs near me,24,5,3.9999920000160003
1278,how much is premiere pro,24,5,3.9999920000160003
1282,how to create a game app,24,6,3.1666613888976856
1286,japanese translator jobs,24,3,7.33330888897037
1308,programming jobs near me,24,4,5.249986875032813
1309,proofreading and editing,24,3,7.33330888897037
1311,remote illustration jobs,24,3,7.33330888897037
1324,translate engleza romana,24,3,7.33330888897037
1327,types of accounting jobs,24,4,5.249986875032813
1369,audio transcription jobs,24,3,7.33330888897037
1413,freelance marketing jobs,24,3,7.33330888897037
1438,interior design jobs nyc,24,4,5.249986875032813
1439,interpreter jobs near me,24,4,5.249986875032813
1489,squarespace website cost,24,3,7.33330888897037
1517,what does milestone mean,24,4,5.249986875032813
1528,advertising jobs near me,24,4,5.249986875032813
1529,amazon chat support jobs,24,4,5.249986875032813
1536,be my spanish translator,24,4,5.249986875032813
1541,best japanese translator,24,3,7.33330888897037
1560,custom cartoon character,24,3,7.33330888897037
1567,electronics jobs near me,24,4,5.249986875032813
1573,entry level editing jobs,24,4,5.249986875032813
1585,freelance content writer,24,3,7.33330888897037
1591,freelance work from home,24,4,5.249986875032813
1614,how to make cartoon logo,24,5,3.9999920000160003
1636,local seamstress near me,24,4,5.249986875032813
1648,motion graphics software,24,3,7.33330888897037
1676,product photography jobs,24,3,7.33330888897037
1704,technical recruiter jobs,24,3,7.33330888897037
1719,verify my paypal account,24,4,5.249986875032813
1791,best short story writers,24,4,5.249986875032813
1814,customer experience jobs,24,3,7.33330888897037
1816,data entry course online,24,4,5.249986875032813
1822,database management jobs,24,3,7.33330888897037
1827,digital marketing expert,24,3,7.33330888897037
1928,paid online writing jobs,24,4,5.249986875032813
1930,part time assistant jobs,24,4,5.249986875032813
1944,portuguese speaking jobs,24,3,7.33330888897037
1952,remote chat support jobs,24,4,5.249986875032813
1962,spain spanish to english,24,4,5.249986875032813
2000,virtual assistant duties,24,3,7.33330888897037
2004,virtualassistantjobs com,24,2,11.499942500287498
2044,amazing profile pictures,24,3,7.33330888897037
2045,amazon proofreading jobs,24,3,7.33330888897037
2053,audio book narrator jobs,24,4,5.249986875032813
2058,average logo design cost,24,4,5.249986875032813
2065,cad drafter jobs near me,24,5,3.9999920000160003
2072,certified shopify expert,24,3,7.33330888897037
2088,creative writing careers,24,3,7.33330888897037
2124,fashion designer near me,24,4,5.249986875032813
2138,freelance writer meaning,24,3,7.33330888897037
2145,genetic engineering jobs,24,3,7.33330888897037
2212,marketing jobs from home,24,4,5.249986875032813
2256,performance testing jobs,24,3,7.33330888897037
2258,photo restoration online,24,3,7.33330888897037
2303,spain spanish translator,24,3,7.33330888897037
2331,virtual assistant skills,24,3,7.33330888897037
2342,web development projects,24,3,7.33330888897037
2425,contract accounting jobs,24,3,7.33330888897037
2474,find a virtual assistant,24,4,5.249986875032813
2492,freelance jobs for teens,24,4,5.249986875032813
2495,freelance medical writer,24,3,7.33330888897037
2548,i need a hacker urgently,24,5,3.9999920000160003
2567,looking for photographer,24,3,7.33330888897037
2588,music producers for hire,24,4,5.249986875032813
2606,online social media jobs,24,4,5.249986875032813
2607,online tech support jobs,24,4,5.249986875032813
2610,online virtual assistant,24,3,7.33330888897037
2636,picture editing websites,24,3,7.33330888897037
2676,self employed accountant,24,3,7.33330888897037
2708,technical writing career,24,3,7.33330888897037
2808,audiobook recording jobs,24,3,7.33330888897037
2846,comic book artist salary,24,4,5.249986875032813
2855,creative linkedin banner,24,3,7.33330888897037
2877,english to khmer writing,24,4,5.249986875032813
2901,fashion illustrator jobs,24,3,7.33330888897037
2920,freelance paralegal jobs,24,3,7.33330888897037
2927,french accent translator,24,3,7.33330888897037
2931,fundraising jobs near me,24,4,5.249986875032813
2965,hire app developer india,24,4,5.249986875032813
2966,hire developers in india,24,4,5.249986875032813
2974,how does freelancer work,24,4,5.249986875032813
2981,how much to build an app,24,6,3.1666613888976856
2990,how to hire an architect,24,5,3.9999920000160003
2991,how to make 2d animation,24,5,3.9999920000160003
3021,jobs for drawing artists,24,4,5.249986875032813
3051,microsoft access program,24,3,7.33330888897037
3102,photography jobs atlanta,24,3,7.33330888897037
3105,photoshop or illustrator,24,3,7.33330888897037
3133,remote statistician jobs,24,3,7.33330888897037
3136,restoration jobs near me,24,4,5.249986875032813
3164,social media competitor3,24,3,7.33330888897037
3194,travel photographer jobs,24,3,7.33330888897037
3215,virtual assistant agency,24,3,7.33330888897037
3219,voice acting jobs online,24,4,5.249986875032813
3226,website wireframe design,24,3,7.33330888897037
3251,yardi voyager plus login,24,4,5.249986875032813
3284,autocad landscape design,24,3,7.33330888897037
3298,book cover designer jobs,24,4,5.249986875032813
3308,caricature artist online,24,3,7.33330888897037
3331,cosmetic chemist near me,24,4,5.249986875032813
3377,entry level autocad jobs,24,4,5.249986875032813
3380,entry level virtual jobs,24,4,5.249986875032813
3407,freelance artist meaning,24,3,7.33330888897037
3435,genuine hackers for hire,24,4,5.249986875032813
3442,glassdoor review removal,24,3,7.33330888897037
3453,green screen music video,24,4,5.249986875032813
3467,hire structural engineer,24,3,7.33330888897037
3483,how to become a lyricist,24,5,3.9999920000160003
3533,jobs in accounting field,24,4,5.249986875032813
3557,looking for video editor,24,4,5.249986875032813
3561,make money typing online,24,4,5.249986875032813
3583,music transcription jobs,24,3,7.33330888897037
3619,packaging jobs from home,24,4,5.249986875032813
3621,painter looking for work,24,4,5.249986875032813
3679,russian speaking english,24,3,7.33330888897037
3696,shopify site maintenance,24,3,7.33330888897037
3713,statistical analyst jobs,24,3,7.33330888897037
3716,structural designer jobs,24,3,7.33330888897037
3731,textile engineering jobs,24,3,7.33330888897037
3745,translate eng to russian,24,4,5.249986875032813
3753,translate romana engleza,24,3,7.33330888897037
3781,video game composer jobs,24,4,5.249986875032813
3787,virtual assistant reddit,24,3,7.33330888897037
3801,website coding languages,24,3,7.33330888897037
3848,academic publishing jobs,24,3,7.33330888897037
3885,arabic letter translator,24,3,7.33330888897037
3937,cdiscount seller central,24,3,7.33330888897037
3975,data analyst jobs in usa,24,5,3.9999920000160003
3990,dell boomi certification,24,3,7.33330888897037
3994,development jobs near me,24,4,5.249986875032813
4004,drafting and design jobs,24,4,5.249986875032813
4013,ebay work from home jobs,24,5,3.9999920000160003
4031,english to hindi writing,24,4,5.249986875032813
4043,entry level testing jobs,24,4,5.249986875032813
4049,excel spreadsheet design,24,3,7.33330888897037
4060,fashion photography jobs,24,3,7.33330888897037
4068,flutter developer salary,24,3,7.33330888897037
4070,formulation chemist jobs,24,3,7.33330888897037
4080,freelance audio engineer,24,3,7.33330888897037
4100,freelance resume example,24,3,7.33330888897037
4110,freelance writing online,24,3,7.33330888897037
4139,google data analyst jobs,24,4,5.249986875032813
4159,hire professional writer,24,3,7.33330888897037
4163,how do you spell vacancy,24,5,3.9999920000160003
4191,how to draw a book cover,24,6,3.1666613888976856
4244,language translator jobs,24,3,7.33330888897037
4257,looking for painting job,24,4,5.249986875032813
4261,lyric video maker online,24,4,5.249986875032813
4282,modeling agencies hiring,24,3,7.33330888897037
4302,online copy editing jobs,24,4,5.249986875032813
4336,photography gigs near me,24,4,5.249986875032813
4367,qa software testing jobs,24,4,5.249986875032813
4380,real estate related jobs,24,4,5.249986875032813
4402,russian interpreter jobs,24,3,7.33330888897037
4403,russian voice translator,24,3,7.33330888897037
4436,sports photographer jobs,24,3,7.33330888897037
4443,streamline shopify theme,24,3,7.33330888897037
4448,tableau entry level jobs,24,4,5.249986875032813
4461,tradutor espanol english,24,3,7.33330888897037
4506,competitor1 proofreading,24,2,11.499942500287498
4514,video transcription jobs,24,3,7.33330888897037
4521,virtual assistant needed,24,3,7.33330888897037
4561,wordpress funnel builder,24,3,7.33330888897037
4564,work from home animation,24,4,5.249986875032813
4581,writing and editing jobs,24,4,5.249986875032813
4603,3d printing jobs near me,24,5,3.9999920000160003
4648,apply for google adsense,24,4,5.249986875032813
4667,beginner accounting jobs,24,3,7.33330888897037
4670,best copywriter websites,24,3,7.33330888897037
4697,buy adsense safe traffic,24,4,5.249986875032813
4715,chat support jobs remote,24,4,5.249986875032813
4726,cloud computing projects,24,3,7.33330888897037
4729,company anniversary logo,24,3,7.33330888897037
4740,copy editor jobs near me,24,5,3.9999920000160003
4764,design own business card,24,4,5.249986875032813
4798,eng to italian translate,24,4,5.249986875032813
4816,english to punjabi voice,24,4,5.249986875032813
4826,entry web developer jobs,24,4,5.249986875032813
4830,ethical hackers for hire,24,4,5.249986875032813
4865,freelance designer rates,24,3,7.33330888897037
4876,freelance music producer,24,3,7.33330888897037
4885,freelance video producer,24,3,7.33330888897037
4889,freelancer amber twitter,24,3,7.33330888897037
4890,freelancer business card,24,3,7.33330888897037
4918,good japanese translator,24,3,7.33330888897037
4982,how to be a videographer,24,5,3.9999920000160003
5028,imacros chrome extension,24,3,7.33330888897037
5033,indian accent translator,24,3,7.33330888897037
5069,jobs that use statistics,24,4,5.249986875032813
5101,looking for voice actors,24,4,5.249986875032813
5230,photos that need editing,24,4,5.249986875032813
5264,rap album covers to draw,24,5,3.9999920000160003
5278,remote virtual assistant,24,3,7.33330888897037
5332,software qa jobs near me,24,5,3.9999920000160003
5334,solidworks designer jobs,24,3,7.33330888897037
5335,solidworks project ideas,24,3,7.33330888897037
5337,spark ar studio download,24,4,5.249986875032813
5360,technical content writer,24,3,7.33330888897037
5429,visual sql query builder,24,4,5.249986875032813
5435,voice over artist salary,24,4,5.249986875032813
5443,website developers india,24,3,7.33330888897037
5493,www freelancer com login,24,4,5.249986875032813
5545,amazon mws documentation,24,3,7.33330888897037
5551,angeles city freelancers,24,3,7.33330888897037
5555,anime animators for hire,24,4,5.249986875032813
5576,audacity podcast editing,24,3,7.33330888897037
5591,average data entry speed,24,4,5.249986875032813
5592,average price for a logo,24,5,3.9999920000160003
5693,concert photography jobs,24,3,7.33330888897037
5720,czech republic translate,24,3,7.33330888897037
5740,davinci color correction,24,3,7.33330888897037
5769,elearning developer jobs,24,3,7.33330888897037
5780,english corrector online,24,3,7.33330888897037
5825,fashion design apps free,24,4,5.249986875032813
5834,find local photographers,24,3,7.33330888897037
5839,fiverr freelance writing,24,3,7.33330888897037
5845,free data entry training,24,4,5.249986875032813
5846,free italian translation,24,3,7.33330888897037
5853,freelance concept artist,24,3,7.33330888897037
5863,freelance invoice sample,24,3,7.33330888897037
5877,freelance sports writing,24,3,7.33330888897037
5882,freelance work on resume,24,4,5.249986875032813
5883,freelance writers wanted,24,3,7.33330888897037
5893,funny voice over scripts,24,4,5.249986875032813
5907,good graphic design apps,24,4,5.249986875032813
5934,graphic design logo cost,24,4,5.249986875032813
5937,graphic designer clipart,24,3,7.33330888897037
5941,graphic illustrator jobs,24,3,7.33330888897037
5953,hebrew audio translation,24,3,7.33330888897037
5964,hire japanese translator,24,3,7.33330888897037
6013,how to download pencil2d,24,4,5.249986875032813
6019,how to get after effects,24,5,3.9999920000160003
6094,lead for sale craigslist,24,4,5.249986875032813
6120,looking for a bookkeeper,24,4,5.249986875032813
6121,looking for a seamstress,24,4,5.249986875032813
6130,marketing flyer examples,24,3,7.33330888897037
6132,marvelous designer price,24,3,7.33330888897037
6134,mean stack vs mern stack,24,5,3.9999920000160003
6166,movie trailer maker free,24,4,5.249986875032813
6199,online bengali converter,24,3,7.33330888897037
6205,online illustration jobs,24,3,7.33330888897037
6215,online tax preparer jobs,24,4,5.249986875032813
6223,onlyfans app for android,24,4,5.249986875032813
6229,original t shirt designs,24,4,5.249986875032813
6285,poshmark sharing service,24,3,7.33330888897037
6308,programming games online,24,3,7.33330888897037
6324,qa engineer jobs near me,24,5,3.9999920000160003
6340,real japanese translator,24,3,7.33330888897037
6343,referrizer miami reviews,24,3,7.33330888897037
6433,sports videographer jobs,24,3,7.33330888897037
6452,tattoo design commission,24,3,7.33330888897037
6477,translate arab indonesia,24,3,7.33330888897037
6571,wedding photography jobs,24,3,7.33330888897037
6580,what is copy writing job,24,5,3.9999920000160003
6586,what is yardi experience,24,4,5.249986875032813
6604,wix shipping integration,24,3,7.33330888897037
6630,write english to spanish,24,4,5.249986875032813
6664,2d animation outsourcing,24,3,7.33330888897037
6671,2d music video animation,24,4,5.249986875032813
6673,3 our job com data entry,24,6,3.1666613888976856
6696,3d model skeleton rigged,24,4,5.249986875032813
6702,3d motion graphic design,24,4,5.249986875032813
6707,3d rendering home design,24,4,5.249986875032813
6718,3ds max character design,24,4,5.249986875032813
6722,3ds max remote rendering,24,4,5.249986875032813
6743,academic researcher jobs,24,3,7.33330888897037
6751,accounting tutors wanted,24,3,7.33330888897037
6757,actionscript 3.0 android,24,3,7.33330888897037
6782,adobe flex jobs in india,24,5,3.9999920000160003
6831,algorithm analysis tutor,24,3,7.33330888897037
6882,android developer cyprus,24,3,7.33330888897037
6899,animated fireworks email,24,3,7.33330888897037
6924,apa academic writer cost,24,4,5.249986875032813
6937,apple motion lyric video,24,4,5.249986875032813
6954,arabic translation rates,24,3,7.33330888897037
6968,arduino developer salary,24,3,7.33330888897037
6979,article submitter online,24,3,7.33330888897037
6982,article writing tutorial,24,3,7.33330888897037
6999,assistant virtuel emploi,24,3,7.33330888897037
7017,audio transcription work,24,3,7.33330888897037
7024,author tagline generator,24,3,7.33330888897037
7032,autocad company in dubai,24,4,5.249986875032813
7053,autodesk revit furniture,24,3,7.33330888897037
7058,automatic wordpress jobs,24,3,7.33330888897037
7072,aws lambda ffmpeg python,24,4,5.249986875032813
7081,backend coding languages,24,3,7.33330888897037
7114,bengali creative writing,24,3,7.33330888897037
7117,bengali to hindi meaning,24,4,5.249986875032813
7180,bible verse shirt design,24,4,5.249986875032813
7201,blender freelance artist,24,3,7.33330888897037
7208,book illustration styles,24,3,7.33330888897037
7224,bosnian interpreter jobs,24,3,7.33330888897037
7241,bridal modeling pakistan,24,3,7.33330888897037
7270,business accounting jobs,24,3,7.33330888897037
7271,business card design new,24,4,5.249986875032813
7290,cad piping designer jobs,24,4,5.249986875032813
7325,captcha jobs in pakistan,24,4,5.249986875032813
7341,caricature programs free,24,3,7.33330888897037
7361,cdr report writers india,24,4,5.249986875032813
7377,cheap logo design canada,24,4,5.249986875032813
7388,chinese translation help,24,3,7.33330888897037
7417,clean up audio recording,24,4,5.249986875032813
7429,clickfunnels online jobs,24,3,7.33330888897037
7433,clipper programming jobs,24,3,7.33330888897037
7455,coding jobs for students,24,4,5.249986875032813
7492,connecting stripe to wix,24,4,5.249986875032813
7531,convert keynote to prezi,24,4,5.249986875032813
7533,convert paypal to skrill,24,4,5.249986875032813
7650,danish graphic designers,24,3,7.33330888897037
7656,data encoder hiring 2020,24,4,5.249986875032813
7657,data encoder jobs manila,24,4,5.249986875032813
7676,data entry jobs malaysia,24,4,5.249986875032813
7679,data entry jobs pay rate,24,5,3.9999920000160003
7718,decompile apk remove ads,24,4,5.249986875032813
7745,dialogflow with firebase,24,3,7.33330888897037
7752,digital artists in india,24,4,5.249986875032813
7766,digital restoration jobs,24,3,7.33330888897037
7775,discord to google sheets,24,4,5.249986875032813
7809,dropshipping from turkey,24,3,7.33330888897037
7849,ebay affiliate wordpress,24,3,7.33330888897037
7901,email internet marketing,24,3,7.33330888897037
7931,english to arabic typing,24,4,5.249986875032813
7999,ethical hacking projects,24,3,7.33330888897037
8015,excel meaning in marathi,24,4,5.249986875032813
8045,facebook content manager,24,3,7.33330888897037
8068,female voice over actors,24,4,5.249986875032813
8077,filipino music composers,24,3,7.33330888897037
8104,fivem server hosting vps,24,4,5.249986875032813
8129,followliker status email,24,3,7.33330888897037
8163,free link builder online,24,4,5.249986875032813
8265,freelance media producer,24,3,7.33330888897037
8266,freelance medical coding,24,3,7.33330888897037
8286,freelance presenter jobs,24,3,7.33330888897037
8289,freelance public speaker,24,3,7.33330888897037
8310,freelance title searcher,24,3,7.33330888897037
8344,freelancer com vs fiverr,24,4,5.249986875032813
8358,freelancer jobs in noida,24,4,5.249986875032813
8370,freelancer sydney office,24,3,7.33330888897037
8393,full time music industry,24,4,5.249986875032813
8394,full time music producer,24,4,5.249986875032813
8416,game support jobs remote,24,4,5.249986875032813
8430,genuine book typing jobs,24,4,5.249986875032813
8449,get paid for typing jobs,24,5,3.9999920000160003
8461,ghost writer hourly rate,24,4,5.249986875032813
8472,gmb verification service,24,3,7.33330888897037
8505,google careers dashboard,24,3,7.33330888897037
8508,google data studio mysql,24,4,5.249986875032813
8512,google drive api asp net,24,5,3.9999920000160003
8514,google earth model maker,24,4,5.249986875032813
8556,graphic design food jobs,24,4,5.249986875032813
8586,gravity forms input mask,24,4,5.249986875032813
8605,hadoop admin hourly rate,24,4,5.249986875032813
8672,hiring websites in india,24,4,5.249986875032813
8713,hourly virtual assistant,24,3,7.33330888897037
8993,how to work freelance uk,24,5,3.9999920000160003
9017,html5 css3 shopping cart,24,4,5.249986875032813
9022,hybris telco accelerator,24,3,7.33330888897037
9026,i need a real online job,24,6,3.1666613888976856
9048,illustrator job malaysia,24,3,7.33330888897037
9078,informix 4gl jobs in usa,24,5,3.9999920000160003
9095,instagram jobs from home,24,4,5.249986875032813
9098,instagram proposal posts,24,3,7.33330888897037
9111,interior design in nepal,24,4,5.249986875032813
9130,interspire multiple smtp,24,3,7.33330888897037
9133,intuit australia careers,24,3,7.33330888897037
9140,invoice asap credit card,24,4,5.249986875032813
9166,is voice acting a career,24,5,3.9999920000160003
9231,job requirement in malay,24,4,5.249986875032813
9262,jobs that require german,24,4,5.249986875032813
9306,kentico developer salary,24,3,7.33330888897037
9320,kinetic text music video,24,4,5.249986875032813
9336,kubernetes contract jobs,24,3,7.33330888897037
9350,laravel chrome extension,24,3,7.33330888897037
9382,legit email reading jobs,24,4,5.249986875032813
9431,looking for anime artist,24,4,5.249986875032813
9432,looking for comic artist,24,4,5.249986875032813
9438,looking to hire handyman,24,4,5.249986875032813
9440,lowongan translator film,24,3,7.33330888897037
9441,ludo for android and ios,24,5,3.9999920000160003
9459,magento programmer india,24,3,7.33330888897037
9468,mailwizz email templates,24,3,7.33330888897037
9493,manga storyboard creator,24,3,7.33330888897037
9509,marketing jobs in khobar,24,4,5.249986875032813
9511,marketing proposal canva,24,3,7.33330888897037
9526,matlab to c++ conversion,24,4,5.249986875032813
9578,meta keywords seo weebly,24,4,5.249986875032813
9590,microsoft minecraft jobs,24,3,7.33330888897037
9644,moodle developers canada,24,3,7.33330888897037
9680,multi step form unbounce,24,4,5.249986875032813
9684,multiple account creator,24,3,7.33330888897037
9686,music artist logo design,24,4,5.249986875032813
9690,mxtoolbox dkim generator,24,3,7.33330888897037
9708,nature illustration jobs,24,3,7.33330888897037
9712,need social media expert,24,4,5.249986875032813
9721,nethereum create account,24,3,7.33330888897037
9737,node js mysql or mongodb,24,5,3.9999920000160003
9747,notification codeigniter,24,2,11.499942500287498
9751,nutrition writers wanted,24,3,7.33330888897037
9757,obiee real time projects,24,4,5.249986875032813
9773,off page seo for youtube,24,5,3.9999920000160003
9784,old hungarian translator,24,3,7.33330888897037
9862,online jobs in cebu city,24,5,3.9999920000160003
9863,online jobs in lima peru,24,5,3.9999920000160003
9879,online mobile typing job,24,4,5.249986875032813
9904,online type writing jobs,24,4,5.249986875032813
9969,paid photoshoots near me,24,4,5.249986875032813
9989,part time animation jobs,24,4,5.249986875032813
10065,pcb layout basics part 3,24,5,3.9999920000160003
10075,pentaho enterprise price,24,3,7.33330888897037
10121,photographers in lebanon,24,3,7.33330888897037
10123,photography job in nepal,24,4,5.249986875032813
10148,php javascript framework,24,3,7.33330888897037
10152,php time tracking script,24,4,5.249986875032813
10153,php whatsapp integration,24,3,7.33330888897037
10189,political writers wanted,24,3,7.33330888897037
10225,premium pro video editor,24,4,5.249986875032813
10230,prestashop import module,24,3,7.33330888897037
10248,product photography bali,24,3,7.33330888897037
10275,project management arcpy,24,3,7.33330888897037
10282,project to pdf converter,24,4,5.249986875032813
10292,proofreading en francais,24,3,7.33330888897037
10316,psd to mobile conversion,24,4,5.249986875032813
10359,quick seamstress near me,24,4,5.249986875032813
10369,quiz funnel clickfunnels,24,3,7.33330888897037
10370,r language jobs in india,24,5,3.9999920000160003
10412,reconcile paypal in xero,24,4,5.249986875032813
10426,remote interior designer,24,3,7.33330888897037
10456,research jobs in nigeria,24,4,5.249986875032813
10471,revit mep work from home,24,5,3.9999920000160003
10478,roblox scripter for hire,24,4,5.249986875032813
10521,sap hybris jobs in india,24,5,3.9999920000160003
10524,sap pm jobs in australia,24,5,3.9999920000160003
10556,seeking arrangement jobs,24,3,7.33330888897037
10572,sendblaster vs groupmail,24,3,7.33330888897037
10585,seo freelancer australia,24,3,7.33330888897037
10602,shahzad dvd store lahore,24,4,5.249986875032813
10603,sharepoint pricing india,24,3,7.33330888897037
10605,sheikh brothers pakistan,24,3,7.33330888897037
10610,shivaji maharaj 3d model,24,4,5.249986875032813
10620,shopify japan in english,24,4,5.249986875032813
10628,shopify store duplicator,24,3,7.33330888897037
10635,shot in the head cartoon,24,5,3.9999920000160003
10642,siebel job opportunities,24,3,7.33330888897037
10652,silo images in photoshop,24,4,5.249986875032813
10667,sippy softswitch support,24,3,7.33330888897037
10685,skrill cancel withdrawal,24,3,7.33330888897037
10716,social media in mongolia,24,4,5.249986875032813
10746,sound design jobs remote,24,4,5.249986875032813
10769,spree commerce templates,24,3,7.33330888897037
10770,spring boot headless cms,24,4,5.249986875032813
10807,stinger video production,24,3,7.33330888897037
10822,stylish name card design,24,4,5.249986875032813
10838,suraya in arabic writing,24,4,5.249986875032813
10861,talk abroad english jobs,24,4,5.249986875032813
10867,tank fabrication drawing,24,3,7.33330888897037
10884,techgenie total security,24,3,7.33330888897037
10897,telemarketing freelancer,24,2,11.499942500287498
10945,tlo skip tracing pricing,24,4,5.249986875032813
10950,toon boom studio 8 price,24,5,3.9999920000160003
10972,tosca certification list,24,3,7.33330888897037
11017,translate hi in albanian,24,4,5.249986875032813
11053,translator jobs brisbane,24,3,7.33330888897037
11063,true crime research jobs,24,4,5.249986875032813
11085,typing master online job,24,4,5.249986875032813
11097,udemy instructor profile,24,3,7.33330888897037
11113,unity 3d infinite runner,24,4,5.249986875032813
11161,urgent hiring in tagalog,24,4,5.249986875032813
11177,vba reconciliation macro,24,3,7.33330888897037
11220,video podcast background,24,3,7.33330888897037
11222,video production slogans,24,3,7.33330888897037
11229,vietnam product sourcing,24,3,7.33330888897037
11258,virtual technical writer,24,3,7.33330888897037
11276,voice acting jobs sydney,24,4,5.249986875032813
11281,voice over actors online,24,4,5.249986875032813
11306,vr development in unreal,24,4,5.249986875032813
11314,vue analytics typescript,24,3,7.33330888897037
11320,vyond animation software,24,3,7.33330888897037
11339,web design banner design,24,4,5.249986875032813
11344,web design port harcourt,24,4,5.249986875032813
11356,web internship in lahore,24,4,5.249986875032813
11359,web scraping with uipath,24,4,5.249986875032813
11360,web site design thailand,24,4,5.249986875032813
11374,website design sri lanka,24,4,5.249986875032813
11377,website untuk freelancer,24,3,7.33330888897037
11390,wedding video editing uk,24,4,5.249986875032813
11414,what is a cartoon mascot,24,5,3.9999920000160003
11415,what is a cnc specialist,24,5,3.9999920000160003
11422,what is a tv transcriber,24,5,3.9999920000160003
11606,youtube logo maker adobe,24,4,5.249986875032813
11625,zik analytics aliexpress,24,3,7.33330888897037
11655,1 minute animation ideas,24,4,5.249986875032813
11662,15 programming languages,24,3,7.33330888897037
11677,2d and 3d animation jobs,24,5,3.9999920000160003
11685,2d design drawing images,24,4,5.249986875032813
11725,3d for graphic designers,24,4,5.249986875032813
11737,3d model designer salary,24,4,5.249986875032813
11791,academic editing jobs nz,24,4,5.249986875032813
11799,accounting contract work,24,3,7.33330888897037
11865,adobe xd wordpress theme,24,4,5.249986875032813
11886,advertising related jobs,24,3,7.33330888897037
11901,affiliate work from home,24,4,5.249986875032813
11912,aged business loan leads,24,4,5.249986875032813
11924,akola project internship,24,3,7.33330888897037
11937,alibaba pakistan website,24,3,7.33330888897037
11963,amazon mws google sheets,24,4,5.249986875032813
11972,amazon saudi arabia jobs,24,4,5.249986875032813
11977,amazon web hosting india,24,4,5.249986875032813
11983,amharic interpreter jobs,24,3,7.33330888897037
11992,amx programming training,24,3,7.33330888897037
12042,ant media server windows,24,4,5.249986875032813
12047,ap marketing philippines,24,3,7.33330888897037
12075,application dropshipping,24,2,11.499942500287498
12078,application testing jobs,24,3,7.33330888897037
12090,appsheet multiple choice,24,3,7.33330888897037
12118,arabic voice over needed,24,4,5.249986875032813
12119,arabic voice over online,24,4,5.249986875032813
12150,article rewriter spanish,24,3,7.33330888897037
12233,auto completar php mysql,24,4,5.249986875032813
12234,autocad 3d drawing civil,24,4,5.249986875032813
12243,autocad courses in egypt,24,4,5.249986875032813
12254,autocad exchange network,24,3,7.33330888897037
12269,autocad to sketchup free,24,4,5.249986875032813
12278,autodesk inventor g code,24,4,5.249986875032813
12281,autodesk project quantum,24,3,7.33330888897037
12282,autodesk revit australia,24,3,7.33330888897037
12367,become an adwords expert,24,4,5.249986875032813
12393,best copy paste job site,24,5,3.9999920000160003
12408,best freelance jobs 2017,24,4,5.249986875032813
12418,best internet based jobs,24,4,5.249986875032813
12447,best screenwriters today,24,3,7.33330888897037
12454,best startups in florida,24,4,5.249986875032813
12523,blog writer jobs near me,24,5,3.9999920000160003
12524,blog writers wanted paid,24,4,5.249986875032813
12525,blog writing price india,24,4,5.249986875032813
12542,bodybuilding logo design,24,3,7.33330888897037
12558,bookkeeping client leads,24,3,7.33330888897037
12566,boonex dolphin developer,24,3,7.33330888897037
12586,braintree php sdk github,24,4,5.249986875032813
12587,braintree python example,24,3,7.33330888897037
12589,brand expert philippines,24,3,7.33330888897037
12592,bridge theme demo import,24,4,5.249986875032813
12611,build a job board on wix,24,6,3.1666613888976856
12664,c video game programming,24,4,5.249986875032813
12716,can u get a job at 13 uk,24,8,2.1249973437533205
12736,car interior design jobs,24,4,5.249986875032813
12745,career microsoft sign in,24,4,5.249986875032813
12762,cartoon storyboard maker,24,3,7.33330888897037
12773,category bengali meaning,24,3,7.33330888897037
12777,catia freelance projects,24,3,7.33330888897037
12834,christmas sweater mockup,24,3,7.33330888897037
12857,clay character sculpting,24,3,7.33330888897037
12865,clickfunnels everwebinar,24,2,11.499942500287498
12909,comic book penciler jobs,24,4,5.249986875032813
12910,comic book reviewer jobs,24,4,5.249986875032813
12964,content writer agreement,24,3,7.33330888897037
12968,content writer questions,24,3,7.33330888897037
12971,content writing in nepal,24,4,5.249986875032813
12972,content writing in tamil,24,4,5.249986875032813
12982,convert asp to wordpress,24,4,5.249986875032813
13006,convert psd to bootstrap,24,4,5.249986875032813
13015,convert x_t file to step,24,5,3.9999920000160003
13032,copywriter seo freelance,24,3,7.33330888897037
13033,copywriting agency india,24,3,7.33330888897037
13074,craigslist flagging jobs,24,3,7.33330888897037
13097,create renderings online,24,3,7.33330888897037
13140,csgo how to get commends,24,5,3.9999920000160003
13142,css job application form,24,4,5.249986875032813
13169,danish speaking jobs usa,24,4,5.249986875032813
13171,danish voice over agency,24,4,5.249986875032813
13174,dashboard in codeigniter,24,3,7.33330888897037
13237,data entry trusted sites,24,4,5.249986875032813
13254,database entry from home,24,4,5.249986875032813
13258,dataentrywork net amazon,24,3,7.33330888897037
13266,daz3d to unreal engine 4,24,5,3.9999920000160003
13356,digitalocean discord bot,24,3,7.33330888897037
13362,discord stock market bot,24,4,5.249986875032813
13381,does anyone need a tutor,24,5,3.9999920000160003
13428,drupal website designers,24,3,7.33330888897037
13433,dubbing meaning in tamil,24,4,5.249986875032813
13439,dutch transcription jobs,24,3,7.33330888897037
13482,ebay product description,24,3,7.33330888897037
13505,editing editorial photos,24,3,7.33330888897037
13518,egyptian game developers,24,3,7.33330888897037
13529,elastix e1 configuration,24,3,7.33330888897037
13552,elementor pixel facebook,24,3,7.33330888897037
13554,elementor user dashboard,24,3,7.33330888897037
13557,elevator pitch animation,24,3,7.33330888897037
13566,embroidery after effects,24,3,7.33330888897037
13626,english to italian audio,24,4,5.249986875032813
13679,epub conversion projects,24,3,7.33330888897037
13719,exadata migration to aws,24,4,5.249986875032813
13728,excel numeric entry jobs,24,4,5.249986875032813
13784,fact sheet layout design,24,4,5.249986875032813
13791,fashion design name card,24,4,5.249986875032813
13855,find a bookkeeper online,24,4,5.249986875032813
13884,firebase vs mongodb 2019,24,4,5.249986875032813
13898,fiverr proofreading jobs,24,3,7.33330888897037
13899,fiverr revisions meaning,24,3,7.33330888897037
13900,fiverr support live chat,24,4,5.249986875032813
13915,floating whatsapp button,24,3,7.33330888897037
13928,flyer design in indesign,24,4,5.249986875032813
14007,free permanent backlinks,24,3,7.33330888897037
14009,free solidworks drawings,24,3,7.33330888897037
14044,freelance assistant jobs,24,3,7.33330888897037
14060,freelance cad technician,24,3,7.33330888897037
14066,freelance civil engineer,24,3,7.33330888897037
14087,freelance cricket writer,24,3,7.33330888897037
14108,freelance fashion writer,24,3,7.33330888897037
14111,freelance fiction editor,24,3,7.33330888897037
14114,freelance french teacher,24,3,7.33330888897037
14130,freelance history writer,24,3,7.33330888897037
14164,freelance legal drafting,24,3,7.33330888897037
14166,freelance manual writing,24,3,7.33330888897037
14178,freelance model in delhi,24,4,5.249986875032813
14185,freelance online jakarta,24,3,7.33330888897037
14200,freelance physician jobs,24,3,7.33330888897037
14222,freelance sign installer,24,3,7.33330888897037
14223,freelance six sigma jobs,24,4,5.249986875032813
14227,freelance solicitor jobs,24,3,7.33330888897037
14275,freelance web copywriter,24,3,7.33330888897037
14280,freelance without degree,24,3,7.33330888897037
14365,freelancing simply hired,24,3,7.33330888897037
14385,french graphic designers,24,3,7.33330888897037
14389,french translator needed,24,3,7.33330888897037
14393,fresher meaning in hindi,24,4,5.249986875032813
14424,game audio designer jobs,24,4,5.249986875032813
14456,german forex trader list,24,4,5.249986875032813
14459,german speaking jobs usa,24,4,5.249986875032813
14463,german voice over agency,24,4,5.249986875032813
14522,go transcript audio file,24,4,5.249986875032813
14523,go transcript data entry,24,4,5.249986875032813
14548,google ads jobs in india,24,5,3.9999920000160003
14567,google app engine mobile,24,4,5.249986875032813
14581,google drive data mining,24,4,5.249986875032813
14605,google proofreading jobs,24,3,7.33330888897037
14608,google sheets ebay sales,24,4,5.249986875032813
14631,graffiti design clothing,24,3,7.33330888897037
14649,graphic design in jordan,24,4,5.249986875032813
14667,graphic designer lebanon,24,3,7.33330888897037
14710,hadoop admin remote jobs,24,4,5.249986875032813
14714,hand work design drawing,24,4,5.249986875032813
14730,helioscope free download,24,3,7.33330888897037
14772,hindi to telugu transfer,24,4,5.249986875032813
14850,home design stylist jobs,24,4,5.249986875032813
14854,home russian translation,24,3,7.33330888897037
14883,how do i hire a salesman,24,6,3.1666613888976856
14897,how does solidworks work,24,4,5.249986875032813
14906,how macros work in excel,24,5,3.9999920000160003
14976,how to add stripe to wix,24,6,3.1666613888976856
15072,how to do autocad online,24,5,3.9999920000160003
15099,how to find a copywriter,24,5,3.9999920000160003
15121,how to get adfly traffic,24,5,3.9999920000160003
15133,how to get jobs on odesk,24,6,3.1666613888976856
15242,how to sell leads online,24,5,3.9999920000160003
15289,how to work video editor,24,5,3.9999920000160003
15337,hvac drafting in autocad,24,4,5.249986875032813
15349,i need to contact paypal,24,5,3.9999920000160003
15384,illustration jobs dublin,24,3,7.33330888897037
15439,instagram error occurred,24,3,7.33330888897037
15443,instagram script writing,24,3,7.33330888897037
15459,integrate affirm shopify,24,3,7.33330888897037
15549,is it working in spanish,24,5,3.9999920000160003
15551,is learning c++ worth it,24,5,3.9999920000160003
15632,job article in newspaper,24,4,5.249986875032813
15719,jobs related to robotics,24,4,5.249986875032813
15727,jobs that involve typing,24,4,5.249986875032813
15794,kindle virtual assistant,24,3,7.33330888897037
15864,leadpages webinar funnel,24,3,7.33330888897037
15870,learn tableau in 20 days,24,5,3.9999920000160003
15874,learnpress customization,24,2,11.499942500287498
15885,legal writing consultant,24,3,7.33330888897037
15907,lightsail and cloudfront,24,3,7.33330888897037
15927,linux sms gateway server,24,4,5.249986875032813
15931,lisp network programming,24,3,7.33330888897037
15936,list of programming jobs,24,4,5.249986875032813
15983,looking for mlm business,24,4,5.249986875032813
15991,looking for writing jobs,24,4,5.249986875032813
15995,love images photo editor,24,4,5.249986875032813
16018,macedonian speaking jobs,24,3,7.33330888897037
16064,make simple 2d animation,24,4,5.249986875032813
16068,malay to china translate,24,4,5.249986875032813
16078,manual qa jobs in canada,24,5,3.9999920000160003
16167,medical writing projects,24,3,7.33330888897037
16179,mention meaning in hindi,24,4,5.249986875032813
16214,microsoft outlook expert,24,3,7.33330888897037
16224,migrate ec2 to lightsail,24,4,5.249986875032813
16244,minimalist personal logo,24,3,7.33330888897037
16247,mirth convert hl7 to xml,24,5,3.9999920000160003
16315,motorcycle designer jobs,24,3,7.33330888897037
16319,movie critic jobs online,24,4,5.249986875032813
16329,ms access billing system,24,4,5.249986875032813
16358,multisim app for android,24,4,5.249986875032813
16369,music producers scotland,24,3,7.33330888897037
16391,mysql financial database,24,3,7.33330888897037
16398,narrator voice indonesia,24,3,7.33330888897037
16408,need computer technician,24,3,7.33330888897037
16424,netflix translation jobs,24,3,7.33330888897037
16442,nifty option chain excel,24,4,5.249986875032813
16487,now hiring telemarketers,24,3,7.33330888897037
16501,oberlo fulfilling orders,24,3,7.33330888897037
16516,odesk transcription jobs,24,3,7.33330888897037
16533,office walkthrough video,24,3,7.33330888897037
16542,on call jobs philippines,24,4,5.249986875032813
16546,one article on any topic,24,5,3.9999920000160003
16616,online financial analyst,24,3,7.33330888897037
16648,online jobs in mauritius,24,4,5.249986875032813
16724,online work as part time,24,5,3.9999920000160003
16731,online writing jobs jobs,24,4,5.249986875032813
16759,openstack jobs in canada,24,4,5.249986875032813
16782,original creative design,24,3,7.33330888897037
16793,outsource php programmer,24,3,7.33330888897037
16828,pan card id verification,24,4,5.249986875032813
16835,pardot landing page html,24,4,5.249986875032813
16864,part time graphic artist,24,4,5.249986875032813
16922,payoneer change password,24,3,7.33330888897037
16926,payoneer deposit options,24,3,7.33330888897037
16932,payoneer withdrawal time,24,3,7.33330888897037
16959,paytm woocommerce github,24,3,7.33330888897037
16975,pcb layout design online,24,4,5.249986875032813
16984,peachtree software price,24,3,7.33330888897037
16992,peoplesoft contract jobs,24,3,7.33330888897037
17006,personal assistant media,24,3,7.33330888897037
17024,phone actress job search,24,4,5.249986875032813
17030,photo and picture editor,24,4,5.249986875032813
17035,photo editor philippines,24,3,7.33330888897037
17070,photoshop editing people,24,3,7.33330888897037
17074,photoshop jobs san diego,24,4,5.249986875032813
17175,powerapps developer jobs,24,3,7.33330888897037
17179,powerpoint design helper,24,3,7.33330888897037
17189,premiere pro editor jobs,24,4,5.249986875032813
17191,premiere pro price india,24,4,5.249986875032813
17249,profile overview example,24,3,7.33330888897037
17276,proofreader cover letter,24,3,7.33330888897037
17310,publicist part time jobs,24,4,5.249986875032813
17326,python coding job salary,24,4,5.249986875032813
17331,python instagram scraper,24,3,7.33330888897037
17383,quickbooks ireland login,24,3,7.33330888897037
17388,quiz app android project,24,4,5.249986875032813
17394,r studio coding language,24,4,5.249986875032813
17405,raspberry pi cad drawing,24,4,5.249986875032813
17409,raspberry pi web scraper,24,4,5.249986875032813
17410,rated people logo vector,24,4,5.249986875032813
17446,real writing jobs review,24,4,5.249986875032813
17451,realtyna wordpress theme,24,3,7.33330888897037
17475,remote 3d animation jobs,24,4,5.249986875032813
17496,remote p6 scheduler jobs,24,4,5.249986875032813
17512,render interior sketchup,24,3,7.33330888897037
17518,renko python code github,24,4,5.249986875032813
17521,rent linux server amazon,24,4,5.249986875032813
17539,resume for photoshop job,24,4,5.249986875032813
17570,ringcentral infusionsoft,24,2,11.499942500287498
17667,sap fiori freelance jobs,24,4,5.249986875032813
17703,scottish male voice over,24,4,5.249986875032813
17723,second photographer jobs,24,3,7.33330888897037
17731,self employed admin jobs,24,4,5.249986875032813
17782,seo telemarketing script,24,3,7.33330888897037
17812,shipstation reship order,24,3,7.33330888897037
17824,shopify competitor3 help,24,3,7.33330888897037
17849,showcase ionic framework,24,3,7.33330888897037
17875,sing online and get paid,24,5,3.9999920000160003
17911,skrill locked my account,24,4,5.249986875032813
17972,socket io android kotlin,24,4,5.249986875032813
18009,solidworks dxf for laser,24,4,5.249986875032813
18014,solidworks pdm sql query,24,4,5.249986875032813
18037,sound design jobs london,24,4,5.249986875032813
18043,sourcing amazon products,24,3,7.33330888897037
18070,sql database programming,24,3,7.33330888897037
18115,stm32f407 altium library,24,3,7.33330888897037
18132,subtitle meaning in urdu,24,4,5.249986875032813
18146,supermetrics woocommerce,24,2,11.499942500287498
18148,survey monkey javascript,24,3,7.33330888897037
18164,swiss deutsch translator,24,3,7.33330888897037
18179,tableau expert help desk,24,4,5.249986875032813
18187,tactical arbitrage india,24,3,7.33330888897037
18194,taiwanese translator app,24,3,7.33330888897037
18201,tamil story writing jobs,24,4,5.249986875032813
18249,telemarketing data entry,24,3,7.33330888897037
18268,tensorflow voice cloning,24,3,7.33330888897037
18286,the freelancers workshop,24,3,7.33330888897037
18293,the word work in spanish,24,5,3.9999920000160003
18300,thinkorswim raspberry pi,24,3,7.33330888897037
18310,thrive themes consultant,24,3,7.33330888897037
18342,top interior design jobs,24,4,5.249986875032813
18361,tradingview email alerts,24,3,7.33330888897037
18471,translation pay per word,24,4,5.249986875032813
18507,twilio answering machine,24,3,7.33330888897037
18519,twilio with react native,24,4,5.249986875032813
18527,types of concept artists,24,4,5.249986875032813
18546,typinghomejob com review,24,3,7.33330888897037
18573,unbounce multi step form,24,4,5.249986875032813
18597,untrustworthy promotions,24,2,11.499942500287498
18611,competitor1 clone script,24,3,7.33330888897037
18620,competitor1 fake or real,24,4,5.249986875032813
18670,username for competitor1,24,3,7.33330888897037
18683,uzbekistan job vacancies,24,3,7.33330888897037
18688,vacatures net programmer,24,3,7.33330888897037
18689,vacatures webdevelopment,24,2,11.499942500287498
18700,vba scraping with chrome,24,4,5.249986875032813
18702,vbulletin 4 mobile theme,24,4,5.249986875032813
18720,verify paypal account uk,24,4,5.249986875032813
18732,vhdl based mini projects,24,4,5.249986875032813
18748,video cameraman for hire,24,4,5.249986875032813
18773,video marketing malaysia,24,3,7.33330888897037
18797,virtual accountant india,24,3,7.33330888897037
18798,virtual accounting clerk,24,3,7.33330888897037
18802,virtual architect online,24,3,7.33330888897037
18807,virtual assistant canada,24,3,7.33330888897037
18831,virtual assistant writer,24,3,7.33330888897037
18853,virtual real estate jobs,24,4,5.249986875032813
18874,vlsi work from home jobs,24,5,3.9999920000160003
18894,voice over artist wanted,24,4,5.249986875032813
18900,voice over jobs malaysia,24,4,5.249986875032813
18917,voiceover artist website,24,3,7.33330888897037
18922,voluum affiliate program,24,3,7.33330888897037
18935,vuforia face recognition,24,3,7.33330888897037
18940,want to be a voice actor,24,6,3.1666613888976856
19014,webrtc react native expo,24,4,5.249986875032813
19028,webtoon translate arabic,24,3,7.33330888897037
19033,wedding photography gigs,24,3,7.33330888897037
19108,what is excel automation,24,4,5.249986875032813
19171,whimsical graphic design,24,3,7.33330888897037
19251,wordpress job aggregator,24,3,7.33330888897037
19259,wordpress plugin scraper,24,3,7.33330888897037
19266,wordpress website fiverr,24,3,7.33330888897037
19271,work data entry operator,24,4,5.249986875032813
19328,work on excel online job,24,5,3.9999920000160003
19350,wp job manager elementor,24,4,5.249986875032813
19359,write in english to urdu,24,5,3.9999920000160003
19360,write speeches for money,24,4,5.249986875032813
19383,www domainindustries com,24,3,7.33330888897037
19395,www taobao com in arabic,24,5,3.9999920000160003
19407,xero accountants near me,24,4,5.249986875032813
19412,xero work from home jobs,24,5,3.9999920000160003
19421,yaballe chrome extension,24,3,7.33330888897037
19475,zoho android app creator,24,4,5.249986875032813
19494,zoho salesiq integration,24,3,7.33330888897037
19530,150k instagram followers,24,3,7.33330888897037
19561,3d animation jobs in usa,24,5,3.9999920000160003
19579,3d graphic design career,24,4,5.249986875032813
19585,3d interior design price,24,4,5.249986875032813
19594,3d model making websites,24,4,5.249986875032813
19605,3d printing job openings,24,4,5.249986875032813
19607,3d printing jobs ireland,24,4,5.249986875032813
19609,3d printing service jobs,24,4,5.249986875032813
19613,3d rendering for website,24,4,5.249986875032813
19644,8 bit design illustrator,24,4,5.249986875032813
19654,abaqus jobs in australia,24,4,5.249986875032813
19660,about us brochure design,24,4,5.249986875032813
19664,academic writing jobs uk,24,4,5.249986875032813
19687,acrylic graphic designer,24,3,7.33330888897037
19722,adobe flash 3d animation,24,4,5.249986875032813
19726,adobe illustrator arabic,24,3,7.33330888897037
19730,adobe illustrator python,24,3,7.33330888897037
19739,adobe premiere face swap,24,4,5.249986875032813
19744,adobe xd export to unity,24,5,3.9999920000160003
19770,affiliate jobs from home,24,4,5.249986875032813
19781,afl coding for amibroker,24,4,5.249986875032813
19832,alibaba job requirements,24,3,7.33330888897037
19849,amadeus web services api,24,4,5.249986875032813
19864,amazon jobs chat with us,24,5,3.9999920000160003
19871,amazon mtunk online jobs,24,4,5.249986875032813
19874,amazon mws java tutorial,24,4,5.249986875032813
19895,amz superman seller tool,24,4,5.249986875032813
19908,android ludo game github,24,4,5.249986875032813
19912,android studio artoolkit,24,3,7.33330888897037
19913,android tablet developer,24,3,7.33330888897037
19917,angela profile backlinks,24,3,7.33330888897037
19942,animation 3d video maker,24,4,5.249986875032813
19951,animation jobs in hawaii,24,4,5.249986875032813
19962,anime girl voice samples,24,4,5.249986875032813
19983,apigee jobs in bangalore,24,4,5.249986875032813
19989,app developers uk prices,24,4,5.249986875032813
20026,appsheet payment gateway,24,3,7.33330888897037
20037,arabic logo maker online,24,4,5.249986875032813
20041,arabic proofreading tool,24,3,7.33330888897037
20137,asp net zero source code,24,5,3.9999920000160003
20154,asterisk crm integration,24,3,7.33330888897037
20164,aston hill international,24,3,7.33330888897037
20165,astra agency bundle free,24,4,5.249986875032813
20170,atlassian ci cd pipeline,24,4,5.249986875032813
20181,audio engineer demo reel,24,4,5.249986875032813
20195,audiobook reader jobs uk,24,4,5.249986875032813
20226,autocad draftsman hiring,24,3,7.33330888897037
20254,autocad t shirt template,24,4,5.249986875032813
20279,average ghostwriter fees,24,3,7.33330888897037
20292,awesome cartoons to draw,24,4,5.249986875032813
20339,banner design bangladesh,24,3,7.33330888897037
20352,bayesian statistics jobs,24,3,7.33330888897037
20359,beach photo manipulation,24,3,7.33330888897037
20365,become a proofreader now,24,4,5.249986875032813
20407,best buy data entry jobs,24,5,3.9999920000160003
20499,best website squarespace,24,3,7.33330888897037
20513,bid for logo design work,24,5,3.9999920000160003
20522,bigcommerce multi vendor,24,3,7.33330888897037
20558,black excellence network,24,3,7.33330888897037
20562,blender 3d animation app,24,4,5.249986875032813
20579,bluetooth kotlin android,24,3,7.33330888897037
20586,bollywood graphic design,24,3,7.33330888897037
20594,book reviewers wanted uk,24,4,5.249986875032813
20635,british accent voicemail,24,3,7.33330888897037
20637,brochure design auckland,24,3,7.33330888897037
20723,cabinet vision rendering,24,3,7.33330888897037
20736,cad outsourcing projects,24,3,7.33330888897037
20742,call center agent female,24,4,5.249986875032813
20779,cancel paypal debit card,24,4,5.249986875032813
20786,captcha code typing jobs,24,4,5.249986875032813
20804,caribbean part time jobs,24,4,5.249986875032813
20808,caricature effect online,24,3,7.33330888897037
20811,caricature photoshop app,24,3,7.33330888897037
20814,cartographer jobs canada,24,3,7.33330888897037
20825,cash cow channel youtube,24,4,5.249986875032813
20840,cattle brand logo design,24,4,5.249986875032813
20874,chat support competitor1,24,3,7.33330888897037
20897,childrens writers wanted,24,3,7.33330888897037
20952,clara cartoon full movie,24,4,5.249986875032813
20954,classic name card design,24,4,5.249986875032813
20987,cms built with angularjs,24,4,5.249986875032813
21013,coding jobs for freshers,24,4,5.249986875032813
21021,coldfusion jobs in india,24,4,5.249986875032813
21033,comic book writer wanted,24,4,5.249986875032813
21036,comic lettering software,24,3,7.33330888897037
21082,computer simulation jobs,24,3,7.33330888897037
21106,content reviewer youtube,24,3,7.33330888897037
21109,content writer full time,24,4,5.249986875032813
21126,contoh invoice freelance,24,3,7.33330888897037
21147,convert house plan to 3d,24,5,3.9999920000160003
21154,convert large xml to csv,24,5,3.9999920000160003
21171,convert scorm to tin can,24,5,3.9999920000160003
21189,copy paste part time job,24,5,3.9999920000160003
21191,copy writer jobs near me,24,5,3.9999920000160003
21200,copywriting from home uk,24,4,5.249986875032813
21204,copywriting south africa,24,3,7.33330888897037
21206,copywriting write for us,24,4,5.249986875032813
21211,coreldraw calculate area,24,3,7.33330888897037
21214,coreldraw project design,24,3,7.33330888897037
21216,coreldraw sticker design,24,3,7.33330888897037
21228,costume illustrator jobs,24,3,7.33330888897037
21241,cpanel whm vps optimized,24,4,5.249986875032813
21243,craft cms developer jobs,24,4,5.249986875032813
21247,craigslist email scraper,24,3,7.33330888897037
21253,crawl data from linkedin,24,4,5.249986875032813
21277,create vba code in excel,24,5,3.9999920000160003
21289,creative job hire poster,24,4,5.249986875032813
21304,crestron programmer jobs,24,3,7.33330888897037
21321,crypto community manager,24,3,7.33330888897037
21361,d&b photoshop retouching,24,3,7.33330888897037
21379,data encoder sample exam,24,4,5.249986875032813
21395,data entry demo download,24,4,5.249986875032813
21415,data entry jobs beginner,24,4,5.249986875032813
21424,data entry jobs in ghana,24,5,3.9999920000160003
21425,data entry jobs in kenya,24,5,3.9999920000160003
21444,data entry operator form,24,4,5.249986875032813
21465,data entry websites list,24,4,5.249986875032813
21495,dataentry jobfurther com,24,3,7.33330888897037
21504,decompile unity game apk,24,4,5.249986875032813
21543,design work logo creator,24,4,5.249986875032813
21577,digital caricature price,24,3,7.33330888897037
21596,digital marketing manila,24,3,7.33330888897037
21605,digital programming jobs,24,3,7.33330888897037
21616,discord sms verification,24,3,7.33330888897037
21638,do ghostwriters get paid,24,4,5.249986875032813
21678,download madcap flare 11,24,4,5.249986875032813
21692,draw your own caricature,24,4,5.249986875032813
21716,dropshipping jobs online,24,3,7.33330888897037
21740,dynamic product page wix,24,4,5.249986875032813
21743,dveloppeur logiciel job,24,3,7.33330888897037
21751,e learning jobs in dubai,24,5,3.9999920000160003
21755,e wallet app source code,24,5,3.9999920000160003
21778,easy networking projects,24,3,7.33330888897037
21801,ebay shopping assistance,24,3,7.33330888897037
21845,editors for hire youtube,24,4,5.249986875032813
21935,english copywriter paris,24,3,7.33330888897037
21939,english script to telugu,24,4,5.249986875032813
21945,english to arabic script,24,4,5.249986875032813
22009,english traductor online,24,3,7.33330888897037
22019,engview package designer,24,3,7.33330888897037
22058,err_cache_miss wordpress,24,2,11.499942500287498
22084,event producer freelance,24,3,7.33330888897037
22092,excel and access experts,24,4,5.249986875032813
22110,excel to illustrator xml,24,4,5.249986875032813
22133,experience strategy jobs,24,3,7.33330888897037
22146,exterior designer career,24,3,7.33330888897037
22147,extract data from airbnb,24,4,5.249986875032813
22160,facebook data entry jobs,24,4,5.249986875032813
22161,facebook home based jobs,24,4,5.249986875032813
22165,facebook post php script,24,4,5.249986875032813
22180,farsi interpreter needed,24,3,7.33330888897037
22181,farsi transcription jobs,24,3,7.33330888897037
22202,fashion jobs in portugal,24,4,5.249986875032813
22205,fashion jobs philippines,24,3,7.33330888897037
22237,filemaker pro sharepoint,24,3,7.33330888897037
22279,find logo design contest,24,4,5.249986875032813
22292,fine artist jobs near me,24,5,3.9999920000160003
22337,floreant pos android app,24,4,5.249986875032813
22356,food photographer wanted,24,3,7.33330888897037
22358,food writing jobs london,24,4,5.249986875032813
22366,forex coaching australia,24,3,7.33330888897037
22404,free lyrics maker online,24,4,5.249986875032813
22425,free podcast intro maker,24,4,5.249986875032813
22426,free qa testing software,24,4,5.249986875032813
22427,free russian translation,24,3,7.33330888897037
22452,freedomsoft vs realeflow,24,3,7.33330888897037
22456,freelance actor malaysia,24,3,7.33330888897037
22461,freelance argentina afip,24,3,7.33330888897037
22485,freelance career options,24,3,7.33330888897037
22515,freelance dietitian jobs,24,3,7.33330888897037
22521,freelance editing reddit,24,3,7.33330888897037
22569,freelance iso consultant,24,3,7.33330888897037
22573,freelance jobs amsterdam,24,3,7.33330888897037
22577,freelance jobs in jeddah,24,4,5.249986875032813
22591,freelance machining jobs,24,3,7.33330888897037
22617,freelance paralegal work,24,3,7.33330888897037
22619,freelance pattern cutter,24,3,7.33330888897037
22643,freelance publicist fees,24,3,7.33330888897037
22652,freelance remote hr jobs,24,4,5.249986875032813
22653,freelance rendering fees,24,3,7.33330888897037
22676,freelance title examiner,24,3,7.33330888897037
22711,freelance writer vacancy,24,3,7.33330888897037
22718,freelance writing groups,24,3,7.33330888897037
22749,freelancer customer care,24,3,7.33330888897037
22750,freelancer demo download,24,3,7.33330888897037
22776,freelancer redes sociais,24,3,7.33330888897037
22812,french english to french,24,4,5.249986875032813
22828,from microsoft to malawi,24,4,5.249986875032813
22839,full time seo consultant,24,4,5.249986875032813
22851,g suite meta tag shopify,24,5,3.9999920000160003
22856,game concept artist jobs,24,4,5.249986875032813
22861,game development flutter,24,3,7.33330888897037
22865,game tester apply online,24,4,5.249986875032813
22918,get paid in bitcoin jobs,24,5,3.9999920000160003
22941,ghost writer jobs remote,24,4,5.249986875032813
22986,golang instagram scraper,24,3,7.33330888897037
23000,good russian translation,24,3,7.33330888897037
23046,google intelligence jobs,24,3,7.33330888897037
23055,google maps arabic voice,24,4,5.249986875032813
23066,google rewrite sentences,24,3,7.33330888897037
23068,google sheet to whatsapp,24,4,5.249986875032813
23092,google vacancies ukraine,24,3,7.33330888897037
23097,govt jobs in calligraphy,24,4,5.249986875032813
23100,grad student freelancers,24,3,7.33330888897037
23125,graphic design jobs bali,24,4,5.249986875032813
23126,graphic design jobs fiji,24,4,5.249986875032813
23143,graphic design side jobs,24,4,5.249986875032813
23151,graphic designer bahrain,24,3,7.33330888897037
23171,gstreamer rtsp to webrtc,24,4,5.249986875032813
23174,gujarati data entry work,24,4,5.249986875032813
23176,gujarati voice over jobs,24,4,5.249986875032813
23183,hand art drawing animals,24,4,5.249986875032813
23206,heikin ashi tradestation,24,3,7.33330888897037
23245,hindi to odia translator,24,4,5.249986875032813
23271,hire an indian assistant,24,4,5.249986875032813
23273,hire assistant algorithm,24,3,7.33330888897037
23280,hire fiction ghostwriter,24,3,7.33330888897037
23375,hootsuite facebook pixel,24,3,7.33330888897037
23377,hospitality 3d rendering,24,3,7.33330888897037
23404,how crystal report works,24,4,5.249986875032813
23433,how does prestashop work,24,4,5.249986875032813
23617,how to check cnic status,24,5,3.9999920000160003
23621,how to code a mobile app,24,6,3.1666613888976856
23672,how to do flags on skype,24,6,3.1666613888976856
23679,how to doodle characters,24,4,5.249986875032813
23809,how to make flyer design,24,5,3.9999920000160003
23849,how to pronounce marketo,24,4,5.249986875032813
23864,how to reopen an account,24,5,3.9999920000160003
23880,how to setup elastix pbx,24,5,3.9999920000160003
23920,how to use zik analytics,24,5,3.9999920000160003
23971,html to drupal converter,24,4,5.249986875032813
23973,html5 ads google adwords,24,4,5.249986875032813
24011,i need a profile picture,24,5,3.9999920000160003
24028,i will be there in hindi,24,6,3.1666613888976856
24051,ifttt applet development,24,3,7.33330888897037
24059,illustration design jobs,24,3,7.33330888897037
24062,illustration video maker,24,3,7.33330888897037
24078,image labeler online job,24,4,5.249986875032813
24091,in house copywriter jobs,24,4,5.249986875032813
24134,influxdb jenkins grafana,24,3,7.33330888897037
24150,instagram assistant jobs,24,3,7.33330888897037
24156,instagram free marketing,24,3,7.33330888897037
24219,interpreter job thailand,24,3,7.33330888897037
24238,inventor drawing program,24,3,7.33330888897037
24265,irish voice over artists,24,4,5.249986875032813
24303,italian corrector online,24,3,7.33330888897037
24370,jenkins influxdb grafana,24,3,7.33330888897037
24373,jewellery jobs in europe,24,4,5.249986875032813
24374,jewellery rendering jobs,24,3,7.33330888897037
24392,job advertisement poster,24,3,7.33330888897037
24405,job description in malay,24,4,5.249986875032813
24418,job of a content creator,24,5,3.9999920000160003
24452,jobs after learning java,24,4,5.249986875032813
24504,jobs related to the arts,24,5,3.9999920000160003
24519,jobs that require talent,24,4,5.249986875032813
24564,justdial wordpress theme,24,3,7.33330888897037
24598,kids youtube channel art,24,4,5.249986875032813
24644,lama language translator,24,3,7.33330888897037
24719,lightsaber effect imovie,24,3,7.33330888897037
24729,linnworks email template,24,3,7.33330888897037
24732,linode wordpress install,24,3,7.33330888897037
24767,logo design bid proposal,24,4,5.249986875032813
24768,logo design chesterfield,24,3,7.33330888897037
24780,logo spec sheet template,24,4,5.249986875032813
24781,logo to animation online,24,4,5.249986875032813
24789,looking for architecture,24,3,7.33330888897037
24790,looking for cad designer,24,4,5.249986875032813
24799,looking for modeling job,24,4,5.249986875032813
24802,looking for videographer,24,3,7.33330888897037
24807,low voice narrator music,24,4,5.249986875032813
24823,lyric transcription jobs,24,3,7.33330888897037
24836,machine shop job bidding,24,4,5.249986875032813
24870,make cad drawings online,24,4,5.249986875032813
24880,make money typing ebooks,24,4,5.249986875032813
24927,marketing telegram group,24,3,7.33330888897037
24931,marvelous designer trial,24,3,7.33330888897037
24944,matlab job opportunities,24,3,7.33330888897037
24950,mautic amazon ses bounce,24,4,5.249986875032813
24985,medical billing projects,24,3,7.33330888897037
25031,microsoft australia jobs,24,3,7.33330888897037
25095,mixtape cover design app,24,4,5.249986875032813
25100,mlm project in asp net c,24,6,3.1666613888976856
25191,multi vendor android app,24,4,5.249986875032813
25200,muse wordpress converter,24,3,7.33330888897037
25257,need a photographer asap,24,4,5.249986875032813
25296,new captcha typing sites,24,4,5.249986875032813
25299,new zealand voice actors,24,4,5.249986875032813
25311,nice photo editor online,24,4,5.249986875032813
25327,nlp practitioner careers,24,3,7.33330888897037
25334,node js screen recording,24,4,5.249986875032813
25342,nopcommerce build plugin,24,3,7.33330888897037
25379,odoo 11 mobile framework,24,4,5.249986875032813
25403,oil paint artist near me,24,5,3.9999920000160003
25407,on demand writing skills,24,4,5.249986875032813
25408,on the job tagalog movie,24,5,3.9999920000160003
25409,onbase api documentation,24,3,7.33330888897037
25428,online bookkeeper hiring,24,3,7.33330888897037
25446,online data editing jobs,24,4,5.249986875032813
25460,online data filling jobs,24,4,5.249986875032813
25461,online data posting jobs,24,4,5.249986875032813
25482,online food writing jobs,24,4,5.249986875032813
25508,online jobs in kurdistan,24,4,5.249986875032813
25568,online secretary jobs uk,24,4,5.249986875032813
25634,opencart mobile friendly,24,3,7.33330888897037
25663,oracle dba jobs overseas,24,4,5.249986875032813
25671,order processing project,24,3,7.33330888897037
25730,paid writing gigs online,24,4,5.249986875032813
25766,part time cad technician,24,4,5.249986875032813
25781,part time job in english,24,5,3.9999920000160003
25816,pattaya freelancer price,24,3,7.33330888897037
25834,payoneer account balance,24,3,7.33330888897037
25839,payoneer minimum balance,24,3,7.33330888897037
25856,paypal card verification,24,3,7.33330888897037
25871,paypal login in pakistan,24,4,5.249986875032813
25884,paypal sri lanka sign up,24,5,3.9999920000160003
25889,paypal virtual assistant,24,3,7.33330888897037
25915,pen testing jobs near me,24,5,3.9999920000160003
25952,phantombuster crunchbase,24,2,11.499942500287498
25961,phone telemarketing jobs,24,3,7.33330888897037
25962,phone text operator jobs,24,4,5.249986875032813
25967,photo contest script php,24,4,5.249986875032813
25985,photographer recruitment,24,2,11.499942500287498
26016,photoshop work from home,24,4,5.249986875032813
26034,physiotherapy logo ideas,24,3,7.33330888897037
26047,pipedrive form wordpress,24,3,7.33330888897037
26061,plc design engineer jobs,24,4,5.249986875032813
26066,plc training philippines,24,3,7.33330888897037
26088,poetry illustration book,24,3,7.33330888897037
26111,portrait drawing colombo,24,3,7.33330888897037
26126,poster and banner design,24,4,5.249986875032813
26137,powerapps sample project,24,3,7.33330888897037
26148,pradeep photography logo,24,3,7.33330888897037
26154,premiere pro video maker,24,4,5.249986875032813
26193,procurement related jobs,24,3,7.33330888897037
26231,professional menu design,24,3,7.33330888897037
26259,project active directory,24,3,7.33330888897037
26262,project cancellation fee,24,3,7.33330888897037
26267,project manager headline,24,3,7.33330888897037
26290,proposal company profile,24,3,7.33330888897037
26316,publishing jobs in china,24,4,5.249986875032813
26359,python web scraping ajax,24,4,5.249986875032813
26367,qa tester fresh graduate,24,4,5.249986875032813
26417,razorpay web integration,24,3,7.33330888897037
26441,react semantic ui footer,24,4,5.249986875032813
26443,real copy paste job site,24,5,3.9999920000160003
26476,recording studio jobs uk,24,4,5.249986875032813
26523,remote job in bangladesh,24,4,5.249986875032813
26541,remote wordpress jobs uk,24,4,5.249986875032813
26546,remove clickfunnels logo,24,3,7.33330888897037
26559,research data entry jobs,24,4,5.249986875032813
26574,retouch photoshop online,24,3,7.33330888897037
26577,rev sample transcription,24,3,7.33330888897037
26606,rishabh photography logo,24,3,7.33330888897037
26653,salariu graphic designer,24,3,7.33330888897037
26684,sample intro video clips,24,4,5.249986875032813
26695,sap business one api php,24,5,3.9999920000160003
26709,saudi companies list xls,24,4,5.249986875032813
26719,scientific research work,24,3,7.33330888897037
26746,scrolling website mockup,24,3,7.33330888897037
26780,sendgrid integration php,24,3,7.33330888897037
26838,shirt meaning in kannada,24,4,5.249986875032813
26854,shopify chrome extension,24,3,7.33330888897037
26866,shopify interview reddit,24,3,7.33330888897037
26871,shopify montreal careers,24,3,7.33330888897037
26896,siemens nx 12 price list,24,5,3.9999920000160003
26919,simple translate spanish,24,3,7.33330888897037
26941,sketchup building design,24,3,7.33330888897037
26948,sketchup online free app,24,4,5.249986875032813
26994,smd led pcb board design,24,5,3.9999920000160003
27037,software developing jobs,24,3,7.33330888897037
27096,sound design jobs europe,24,4,5.249986875032813
27115,spanish proofreader jobs,24,3,7.33330888897037
27136,sports blog writing jobs,24,4,5.249986875032813
27152,sql courses in sri lanka,24,5,3.9999920000160003
27203,steelbrick certification,24,2,11.499942500287498
27212,store layout design jobs,24,4,5.249986875032813
27243,success factors lms jobs,24,4,5.249986875032813
27284,t shirt shop logo design,24,5,3.9999920000160003
27299,taiwan translate tagalog,24,3,7.33330888897037
27301,take on me after effects,24,5,3.9999920000160003
27302,take picture in sketchup,24,4,5.249986875032813
27313,tambola game by jitendra,24,4,5.249986875032813
27347,tech writer jobs near me,24,5,3.9999920000160003
27380,telegram engagement pods,24,3,7.33330888897037
27418,terapeak amazon research,24,3,7.33330888897037
27426,tesseract ocr powershell,24,3,7.33330888897037
27439,thai interpreter near me,24,4,5.249986875032813
27457,the flyer design company,24,4,5.249986875032813
27465,the thinker line drawing,24,4,5.249986875032813
27482,thrive themes custom css,24,4,5.249986875032813
27524,top online jobs in india,24,5,3.9999920000160003
27535,trabajo spanish speaking,24,3,7.33330888897037
27536,trade manager ea for mt4,24,5,3.9999920000160003
27545,tradingview telegram bot,24,3,7.33330888897037
27666,translate voice in hindi,24,4,5.249986875032813
27722,tulip project management,24,3,7.33330888897037
27726,turn english into arabic,24,4,5.249986875032813
27754,type subtitles for money,24,4,5.249986875032813
27775,uat testing jobs near me,24,5,3.9999920000160003
27814,unity game engine iphone,24,4,5.249986875032813
27816,unity hyper casual games,24,4,5.249986875032813
27835,upload proof of identity,24,4,5.249986875032813
27853,competitor1 clickfunnels,24,2,11.499942500287498
27882,competitor1 reports page,24,3,7.33330888897037
27884,competitor1 supply chain,24,3,7.33330888897037
27906,us calling data provider,24,4,5.249986875032813
27934,vb6 to asp net converter,24,5,3.9999920000160003
27953,vbulletin facebook theme,24,3,7.33330888897037
27973,vfx paint freelance work,24,4,5.249986875032813
27988,video editing commission,24,3,7.33330888897037
27996,video editing specialist,24,3,7.33330888897037
27998,video editor competition,24,3,7.33330888897037
28002,video editor remote work,24,4,5.249986875032813
28014,video game modeling jobs,24,4,5.249986875032813
28036,videographer for youtube,24,3,7.33330888897037
28068,virtual assistant durban,24,3,7.33330888897037
28084,virtual assistant mexico,24,3,7.33330888897037
28159,voice over artist quotes,24,4,5.249986875032813
28171,voice over payment rates,24,4,5.249986875032813
28173,voice over rates ireland,24,4,5.249986875032813
28180,voice over talent wanted,24,4,5.249986875032813
28204,vtiger 7 module designer,24,4,5.249986875032813
28259,web design craigslist ad,24,4,5.249986875032813
28286,web development in nepal,24,4,5.249986875032813
28290,web marketing specialist,24,3,7.33330888897037
28301,web scraping php laravel,24,4,5.249986875032813
28387,what a video editor does,24,5,3.9999920000160003
28570,wix com employee reviews,24,4,5.249986875032813
28579,wix google shopping feed,24,4,5.249986875032813
28584,wix landing page pricing,24,4,5.249986875032813
28588,wix payment south africa,24,4,5.249986875032813
28597,wix website dropshipping,24,3,7.33330888897037
28623,woocommerce yandex money,24,3,7.33330888897037
28641,wordpress pos restaurant,24,3,7.33330888897037
28651,work as a content writer,24,5,3.9999920000160003
28738,wrestling writers needed,24,3,7.33330888897037
28742,write arabic in premiere,24,4,5.249986875032813
28744,write english to russian,24,4,5.249986875032813
28765,written jokes in english,24,4,5.249986875032813
28767,written work job at home,24,5,3.9999920000160003
28790,www photoshop com online,24,4,5.249986875032813
28796,www youtube video editor,24,4,5.249986875032813
28887,zikanalytics alternative,24,2,11.499942500287498
28895,zoho certified developer,24,3,7.33330888897037
28900,zoho creator export data,24,4,5.249986875032813
28903,zoho crm customer portal,24,4,5.249986875032813
28925,zorro trading automation,24,3,7.33330888897037
28930,   ,24,4,5.249986875032813
28980,2d character concept art,24,4,5.249986875032813
29018,3d animation jobs online,24,4,5.249986875032813
29019,3d animation philippines,24,3,7.33330888897037
29032,3d artist jobs australia,24,4,5.249986875032813
29091,3d rendering new zealand,24,4,5.249986875032813
29125,a stand up comedy script,24,5,3.9999920000160003
29164,active campaign workflow,24,3,7.33330888897037
29173,ad posting jobs in india,24,5,3.9999920000160003
29180,add store to wix website,24,5,3.9999920000160003
29190,adobe after effects jobs,24,4,5.249986875032813
29266,adwords account for sale,24,4,5.249986875032813
29267,adwords amazon affiliate,24,3,7.33330888897037
29274,adwords management india,24,3,7.33330888897037
29290,after effects anime edit,24,4,5.249986875032813
29310,airtable and squarespace,24,3,7.33330888897037
29315,aix 6.1 to 7.1 migration,24,5,3.9999920000160003
29338,alteryx and tableau jobs,24,4,5.249986875032813
29342,altium designer elevator,24,3,7.33330888897037
29393,amibroker coding service,24,3,7.33330888897037
29414,android developers india,24,3,7.33330888897037
29419,android game tester jobs,24,4,5.249986875032813
29446,animation creator salary,24,3,7.33330888897037
29450,animation jobs in canada,24,4,5.249986875032813
29473,apartment graphic design,24,3,7.33330888897037
29492,apply facebook moderator,24,3,7.33330888897037
29519,arabic human translation,24,3,7.33330888897037
29521,arabic localization jobs,24,3,7.33330888897037
29533,arabic visual translator,24,3,7.33330888897037
29574,article writing accounts,24,3,7.33330888897037
29611,asp net telecommute jobs,24,4,5.249986875032813
29617,assistant virtuel quebec,24,3,7.33330888897037
29627,asterisk ivr application,24,3,7.33330888897037
29648,audio mixing jobs online,24,4,5.249986875032813
29660,audiobook readers wanted,24,3,7.33330888897037
29668,auto make model database,24,4,5.249986875032813
29706,autocad salary in canada,24,4,5.249986875032813
29718,automate word mail merge,24,4,5.249986875032813
29723,avada google tag manager,24,4,5.249986875032813
29752,aws server administrator,24,3,7.33330888897037
29753,aws vs google cloud jobs,24,5,3.9999920000160003
29869,best data entry projects,24,4,5.249986875032813
29903,best logo creator reddit,24,4,5.249986875032813
29941,best tamil blogspot list,24,4,5.249986875032813
29948,best translate to arabic,24,4,5.249986875032813
29981,bid on creative projects,24,4,5.249986875032813
29987,big data hadoop openings,24,4,5.249986875032813
29989,bigbluebutton error 1020,24,3,7.33330888897037
29994,bilingual graphic design,24,3,7.33330888897037
30039,book cover artist needed,24,4,5.249986875032813
30198,calligraphy writing jobs,24,3,7.33330888897037
30250,careers in kpop industry,24,4,5.249986875032813
30251,careers that use autocad,24,4,5.249986875032813
30264,carrom game unity github,24,4,5.249986875032813
30266,cartographic design jobs,24,3,7.33330888897037
30295,catia v5 designer salary,24,4,5.249986875032813
30307,centova cast free server,24,4,5.249986875032813
30344,cheap voice over artists,24,4,5.249986875032813
30351,cheryl w wellness review,24,4,5.249986875032813
30359,chinese language jobs uk,24,4,5.249986875032813
30368,christian app developers,24,3,7.33330888897037
30373,christian writers wanted,24,3,7.33330888897037
30374,chrome babylon extension,24,3,7.33330888897037
30420,clickbank create account,24,3,7.33330888897037
30477,codeigniter vs wordpress,24,3,7.33330888897037
30497,comic book colorist jobs,24,4,5.249986875032813
30500,commend for commend csgo,24,4,5.249986875032813
